permission,module,description,R1 HR Analytics Admin,R2 ER Officer,R3 ER Manager,R4 Engagement HR,R5 HR Leadership,R6 Division Head,R7 Department Head,R8 Manager,R9 Employee,R10 Document HR,R11 Document Approver,R12 Platform Administrator,R13 Voice Triage Officer,R14 Audit Reviewer,R15 FwT Coordinator,R16 Access Approver,reviewer_comment
me.read,platform,Sign in and view own profile,Y,Y,Y,Y,Y,Y,Y,Y,Y,Y,Y,Y,Y,Y,Y,Y,
employee.search,employee,Search employees within scope (summary fields),Y,Y,Y,Y,,Y,Y,,,Y,,,,,,,
employee.read,employee,View employee profile within scope (restricted fields masked),Y,Y,Y,,,Y,Y,,,Y,,,,,,,
employee.positions.read,employee,View position history,Y,Y,Y,,,,,,,Y,,,,,,,
employee.salary.reveal,employee,Reveal salary (restricted field),,,,,,,,,,Y,,,,,,,
employee.nid.reveal,employee,Reveal NID (restricted field),,,,,,,,,,Y,,,,,,,
employee.passport.reveal,employee,Reveal passport number (restricted field),,,,,,,,,,Y,,,,,,,
org.read,org,Browse organisation hierarchy (as-of any date),Y,Y,Y,Y,Y,Y,Y,,,Y,,Y,,,,,
config.lookups.read,config,Read configured lookups and state machines,Y,Y,Y,Y,,,,,,Y,,Y,,,,,
admin.feature_flags.manage,admin,View and change feature flags,,,,,,,,,,,,Y,,,,,
admin.users.read,admin,"View users, roles and scope grants",,,,,,,,,,,,Y,,,,Y,
audit.read,audit,Read audit events for permitted modules,Y,,Y,Y,,,,,,Y,,Y,,Y,,Y,
audit.verify,audit,Run audit hash-chain verification,,,,,,,,,,,,,,Y,,,
actions.use,actions,My Work: own actions,Y,Y,Y,Y,Y,Y,Y,Y,Y,Y,Y,Y,Y,,Y,Y,
actions.create,actions,Create ad-hoc actions,Y,Y,Y,Y,,,,,,Y,,,,,,,
actions.team.read,actions,Team Work view for own teams,Y,Y,Y,Y,,,,,,,,,,,,,
actions.reassign,actions,Reassign actions,,,Y,,,,,,,,,,,,,,
actions.reopen,actions,Reopen completed actions,,,Y,,,,,,,,,,,,,,
er.dashboard.read,er,ER dashboard (authorised cases only),,Y,Y,,,,,,,,,,,,,,
er.case.create,er,Create ER case,,Y,Y,,,,,,,,,,,,,,
er.case.read,er,Read ER cases where on the case team,,Y,Y,,,,,,,,,,,,,,
er.case.read_all,er,Read all ER cases (portfolio override – DR-20),,,Y,,,,,,,,,,,,,,
er.case.update,er,"Add chronology entries, participants and tasks",,Y,Y,,,,,,,,,,,,,,
er.case.status,er,Change case status per state machine,,Y,Y,,,,,,,,,,,,,,
er.case.team.manage,er,Manage case team membership,,,Y,,,,,,,,,,,,,,
er.case.close,er,Close case (incl. override with reason),,,Y,,,,,,,,,,,,,,
er.case.access_log.read,er,Read case access log,,,Y,,,,,,,,,,,,,,
analytics.dashboard.read,analytics,View published dashboards within scope,Y,,,,Y,Y,Y,,,,,,,,,,
analytics.admin,analytics,"Periods, uploads, validation, metrics",Y,,,,,,,,,,,,,,,,
engagement.read,engagement,Engagement results (thresholded),,,,Y,Y,Y,Y,,,,,,,,,,
engagement.admin,engagement,"Survey cycles, population, import",,,,Y,,,,,,,,,,,,,
fwt.claims,engagement,Fun with Teams activities and claims,,,,Y,,,,,,,,,,,Y,,
voice.submit,voice,Submit identified Voice report,Y,Y,Y,Y,Y,Y,Y,Y,Y,Y,Y,Y,Y,,Y,Y,
voice.triage,voice,Triage Voice submissions,,,,,,,,,,,,,Y,,,,
manager.intake,manager,People Manager guided intake,,,,,,Y,Y,Y,,,,,,,,,
documents.request,documents,Create document requests,,,,,,,,,,Y,,,,,,,
documents.approve,documents,Approve documents,,,,,,,,,,,Y,,,,,,
reports.read,reports,Reports,Y,,,Y,Y,,,,,,,,,,,,
