ID,Module,Requirement,Business requirement,User role(s),Required screen,Backend service,Database entities,API / Integration,Workflow / Automation,Security requirement,Audit requirement,AI requirement,Priority,Priority source,Phase,Acceptance criteria,Blueprint ref,Open decisions
PLT-001,Platform,SSO sign-in via Microsoft Entra ID with MFA per Bank policy,Only Bank-authenticated staff reach the platform,All,"Sign-in, session expiry",Identity & Access,app_user,Entra ID OIDC; /auth/*,Session lifecycle; JIT user provisioning on first login,MFA/conditional access enforced by IdP; token validation server-side; no local passwords in UAT/PROD,"Login success/failure, logout",None,P0,Derived,1,User signs in with Entra; invalid/expired token returns 401; dev mock login impossible in UAT/PROD builds,"§5.1, §15, §16","DR-06, DR-48"
PLT-002,Platform,Role + organisational scope resolved server-side on every request,Users see only what role AND scope allow,All,All (role-adaptive navigation),Identity & Access (PolicyService),"role, permission, role_permission, user_role_assignment, user_scope",All endpoints via guard,Scope recomputed on org change,Deny-by-default; direct-URL/API calls re-checked; UI hiding never relied upon,Permission denied events (security-relevant),None,P0,BP §22 (admin story),1,"Negative tests: cross-division, direct URL, API without UI all return 403","§5.1, §15","DR-06, DR-07"
PLT-003,Platform,Admin manages roles and scopes with approval,"Controlled, reviewable access","Platform Administrator, HR access approver",Administration > Users & Access,Identity & Access,"user_role_assignment, user_scope, approval","/admin/users, /admin/role-assignments",Maker-checker on grants; periodic access review export,Admin cannot grant self; privileged roles need second approver,Permission change (before/after),None,P0,BP §22,1,Grant requires approval; audit shows who/when/what; self-grant rejected,"§15, §18, §22","DR-06, DR-44"
PLT-004,Platform,"Restricted field controls for salary, NID, passport",Least privilege for high-risk personal data,"Document HR, ER (as approved)",Masked fields across all screens,EmployeeService + PolicyService,permission (field-level),EmployeeService field projection,Masked by default; reveal action where permitted,Field-level permission; never in logs/notifications/exports unless permitted,Restricted field reveal/read,AI receives restricted field only if template requires it and user permitted,P0,Derived,1,User without field permission gets masked value from API (not just UI); logs contain no raw values,"§15, §25.1",DR-07
PLT-005,Platform,Role-adaptive navigation and permission-denied/empty/loading/error states,One consistent platform UX,All,"App shell, nav, state components",Web app,—,/me (capabilities),—,Navigation derived from server capabilities; backend still enforces,—,None,P0,Derived,1,Each role sees only authorised modules; denied direct URL shows permission-denied page and API 403,"§3, §PROMPT 21",—
PLT-006,Platform,Separate DEV/UAT/PROD environments; DEV synthetic data only,No real employee data outside PROD/approved UAT,Platform team,—,Infra,—,—,Seed scripts; masked-data process for UAT,Repo scanning blocks real PII; UAT masked per approved process,Deployment events,None,P0,Derived,1,DEV seeded only from generator; CI secret/PII scan passes,"§15, §24",DR-45
PLT-007,Platform,Encryption in transit/at rest; secrets in Key Vault,Bank security baseline,Platform team,—,Infra,—,"Key Vault, TLS",Secret rotation,TLS 1.2+; storage/DB encryption; no secrets in repo,Secret access (platform logs),None,P0,Derived,1,Secret scan clean; app reads secrets only from vault/env,"§15, §16",DR-03
PLT-008,Platform,"No public URLs for dashboards, attachments or documents",Prevent link-sharing leakage,All,—,DocumentService,attachment,Authorised streaming endpoint,—,"All file access via authenticated, authorised API; no anonymous blob access",File download,None,P0,Derived,1,Blob container private; download without auth → 401; wrong scope → 403,"§8.1, §15, §24",DR-39
PLT-009,Platform,"Structured logging with PII redaction, error handling, observability",Supportability without data leakage,Platform team,Error pages,All,—,Application Insights / OpenTelemetry,Alerting,"Log redaction of names/UID where not needed, salary, NID, passport, free text",—,None,P0,BP §25.1,1,Log tests prove redaction; correlation ID on every request,"§16, §25.1",—
PLT-010,Platform,Feature flags per environment,Safe incremental release,Platform Administrator,Administration > Feature flags,ConfigurationService,feature_flag,/admin/feature-flags,—,Flag changes restricted and audited,Flag change,None,P1,Assumed,1,Disabled module routes return 404/403 server-side,§4,—
PLT-011,Platform,Accessibility and responsive design (desktop first),Usable by all staff on Bank devices,All,All,Web app,—,—,—,—,—,None,P1,Assumed,1+,Automated a11y checks pass on shell; keyboard navigation works,§PROMPT 21,DR-40
EMP-001,EmployeeService,Authorised employee lookup via abstraction; no new Employee Master,One authoritative employee source,"HR roles, ER, Document HR",Employee picker,EmployeeService,(provider-backed) + employee_snapshot for analytics only,"/employees/search, /employees/{uid}",Provider switch per environment,Field projection by permission; search scoped,Employee record view (restricted fields),None,P0,Derived,1,Synthetic provider in DEV; interface contract tests pass for any provider,"§4, §13, §23, §24",DR-04
EMP-002,EmployeeService,Position history and effective organisation,Correct facts for letters and scope,"Document HR, ER",Employee profile panel,EmployeeService,(provider) position history,/employees/{uid}/positions,—,Scoped,—,None,P0,Derived,1,Returns dated history; gaps flagged not filled,"§12.2, §17",DR-04
EMP-003,EmployeeService,Effective-dated organisation hierarchy,Historical accuracy for scope and analytics,All,Org browser (admin),EmployeeService (Org),"organisation_unit, organisation_unit_version, org_level_type","/org-units, /org-units/tree?asOf=",Hierarchy import/sync,Scope resolution uses as-of date,Org change import,None,P0,Derived,1,Tree as-of any date reproducible; configurable levels,"§5.2, §13, §23",DR-05
CFG-001,ConfigurationService,"Effective-dated, versioned configuration with approval",Rules change without code,Platform Admin; module HR owners,Administration > Configuration,ConfigurationService,"configuration_item, configuration_version",/config/*,Maker-checker; effective-from scheduling,Only module owner roles edit their namespaces,Config create/approve/activate,None,P0,BP §22,1,Value lookup as-of date returns correct version; unapproved versions inactive,"§2, §4",DR-07
CFG-002,ConfigurationService,"Configurable categories, statuses, priorities, SLAs, business calendar",Bank rules captured as data,Module owners,Configuration screens,ConfigurationService,"lookup_set, lookup_value, sla_rule, business_calendar, calendar_holiday","/config/lookups, /config/sla-rules, /config/calendars",SLA due-date calc incl. business days,—,Config changes,None,P0,Derived,1,Due date respects configured working week/holidays; no hard-coded weekend,"§2, §8.1, §18","DR-16, DR-35"
CFG-003,ConfigurationService,Configurable reference numbering sequences,"Unique, controlled references",Module owners,Configuration,ConfigurationService,"sequence_rule, sequence_counter",internal,Gap-free/atomic allocation,—,Allocation logged,None,P0,Derived,2,Concurrent allocation never duplicates; format from config,"§12.2, §9","DR-19, DR-30"
AUD-001,AuditService,Immutable audit trail for material actions,Accountability and investigation support,System; Audit Reviewer (read),Administration > Audit log,AuditService,audit_event,/audit/events (read-only),Async write via outbox; hash chain,No update/delete via app; DB permissions enforce append-only; payload excludes restricted values,N/A (is the audit),AI generation events recorded,P0,BP §22,1,UPDATE/DELETE on audit_event fails at DB level; tamper check detects altered row,"§18, §PROMPT 19",DR-37
AUD-002,AuditService,Case access logging where required,Detect inappropriate ER access,"ER Manager, Audit Reviewer",Case > Access log,AuditService,audit_event,—,—,Access log itself restricted,"Case view, evidence view/download",None,P0,Derived,3,Every ER case open and evidence download produces an event,§PROMPT 19,DR-37
NOT-001,NotificationService,"In-app, email and Teams notifications via approved channels",Timely action without leaking data,All,Notification centre,NotificationService,"notification, notification_delivery, notification_template",SMTP relay / Graph (Teams),"Queue, retry, de-duplication",Bodies carry minimal content + link; sensitive modules use generic text,Notification sent (metadata only),None,P0,Derived,"1 (in-app), 2 (email/Teams)",ER/Voice notifications contain no names/allegations; duplicates suppressed,"§18, §20",DR-34
DOC-001,DocumentService,Protected attachment storage with versioning,Secure evidence and files,All (scoped),Attachment components,DocumentService,"attachment, attachment_version",Azure Blob (Azurite in DEV),Malware scan hook; checksum,Authorisation delegated to owning record's policy; type/size limits,"Upload, download, delete request",None,P0,Derived,2,Download re-checks owning record policy; SHA-256 stored; no public URL,"§4, §8.1, §15","DR-39, DR-09"
DOC-002,DocumentService,Retention classes and legal hold on stored records/files,Compliant retention,"Platform Admin, Records owner",Administration > Retention,DocumentService,"retention_class, legal_hold",—,Scheduled retention review job (report-only until approved),Deletion requires approval,Retention actions,None,P1,Derived,10,No automated deletion until DR-09 approved,"§4, §15, §23",DR-09
EXP-001,Reporting,"Permission-controlled, masked PDF/Excel/CSV exports",Controlled data leaving the platform,Authorised roles,Export buttons,DocumentService + PolicyService,export_job,/exports,Async export job,Export permission separate from view; masking applied server-side,"Every export (who, what, filters, row count)",None,P1,Derived,2,User without export permission gets 403; exported file masked per permission,§19,DR-38
ACT-001,HR Action Centre,Actions from every module with source module + record link,One work queue,"All HR roles, managers, heads",My Work,ActionService,action,/actions,Module adapters create actions,Visibility inherited from source record,Created,None,P0,BP §22,1,Action created from test module shows source link; user without source access cannot see action detail,"§11, §18, §22",—
ACT-002,HR Action Centre,"Views: My Work, Team Work, Approvals, Overdue, Due Soon, Blocked, Completed",Exception-first prioritisation,All HR roles,Action Centre tabs,ActionService,"action, approval",/actions?view=,—,Team view restricted to team membership,—,None,P0,BP §22,"1 (My Work), 3 (all)",Each view returns correct set on synthetic dataset,"§11, §19",—
ACT-003,HR Action Centre,Owner or team ownership; audited reassignment,Clear accountability,"Owners, team leads",Action detail,ActionService,"action, action_event, team, team_member",/actions/{id}/assign,Reassignment notification,Reassign permission per team,"Assigned, reassigned",None,P0,Derived,1,Reassignment recorded with from/to/by/reason,§11,—
ACT-004,HR Action Centre,"Due date, SLA, reminders, escalation path (business-day aware)",Nothing overdue unnoticed,All,"Action detail, Overdue view",ActionService + Worker,"action, sla_rule, reminder_schedule",—,Scheduled reminder/escalation job; duplicate prevention,—,"Reminded, escalated",None,P0,Derived,3,Reminder fires once per rule window; escalation after configured breach,"§11, §18, §20","DR-16, DR-35, DR-36"
ACT-005,HR Action Centre,Configurable priority and controlled status transitions,Consistent workflow,All,Action detail,ActionService,"action, lookup_value",/actions/{id}/transition,State machine,Only allowed transitions; reopen where permitted,"Status changed, reopened",None,P0,Derived,1,Illegal transition returns 409; reopen only with permission,§11,DR-36
ACT-006,HR Action Centre,Dependencies (block/sequence),Correct sequencing,All,"Action detail, Blocked view",ActionService,action_dependency,/actions/{id}/dependencies,Auto-unblock on completion,Cannot see dependency detail without access,Dependency added/removed,None,P0,Derived,3,Blocked action cannot complete; cycles rejected,§11,—
ACT-007,HR Action Centre,Completion notes and evidence attachments,Proof of completion,Owners,Action detail,ActionService + DocumentService,"action, attachment",/actions/{id}/complete,—,Evidence inherits visibility,Completed,None,P0,Derived,1,Completion requires notes where configured,§11,—
ACT-008,HR Action Centre,Generic maker-checker approvals,Governed decisions,Approvers,Approvals view,ActionService (Approval),"approval, approval_step, approval_decision",/approvals,Multi-step routing from config,Approver ≠ maker; approver scope check,"Requested, decided (with version)",None,P0,BP §22,3,"Approval retains reviewer, decision, comments, timestamp, version","§17, §18",DR-07
ACT-009,HR Action Centre,"Action Centre reports: overdue, due soon, blocked, awaiting approval, workload",Workload visibility,"HR Leadership, team leads",Reports,AnalyticsService,action (aggregates),/actions/reports,—,Aggregates respect scope; restricted titles hidden,Report export,None,P1,Derived,3,Counts reconcile with list views,§19,—
PA-001,People Analytics,Create reporting period,Monthly cycle control,HR Analytics Admin,Reporting Periods,AnalyticsService,reporting_period,/reporting-periods,Period status machine,Admin only,"Created, status changed",None,P0,BP §22,2,Duplicate period rejected; status transitions enforced,§6.1,—
PA-002,People Analytics,Upload Staff Master and subject datasets with versioned source files,Traceable source data,HR Analytics Admin,Uploads,AnalyticsService + DocumentService,"upload_batch, attachment, dataset_type",/uploads,Async parse job,Files private; checksum; malware scan,Dataset upload,None,P0,BP §22,2,Re-upload creates new batch version; original retained,"§6.1, §6.2","DR-12, DR-39"
PA-003,People Analytics,Column mapping with saved mapping profiles,Tolerate source layout changes,HR Analytics Admin,Mapping step,AnalyticsService,"column_mapping_profile, dataset_schema_version",/uploads/{id}/mapping,Auto-apply last approved mapping,—,Mapping saved,AI may suggest likely mappings; human confirms,P0,Derived,"2 (manual), 9 (AI suggest)",Required target fields must be mapped before validation,"§6.1, §14",DR-12
PA-004,People Analytics,"Validation: unknown UID, duplicates, invalid dates, org mismatch, completeness, reconciliation",Clean data before calculation,HR Analytics Admin,Validation issues,AnalyticsService,"upload_issue, validation_rule","/uploads/{id}/validate, /issues",Rule engine; blocking vs warning,—,Validation run,None,P0,BP §22,2,Golden bad-data file produces exact expected issue list,"§6.1, §20",DR-12
PA-005,People Analytics,Resolve issues and audited validation override,Controlled exceptions,HR Analytics Admin (+ approver),Validation issues,AnalyticsService,upload_issue,"/issues/{id}/resolve, /override",Override needs reason (+approval if configured),Override permission separate,Validation override,None,P0,Derived,2,Blocking issues prevent snapshot approval unless overridden with reason,"§6.1, §18",DR-07
PA-006,People Analytics,Approve clean snapshot (immutable once approved),Single source of truth per period,HR Analytics approver,Snapshot approval,AnalyticsService + ActionService,"dataset_snapshot, employee_snapshot, dataset records",/snapshots/{id}/approve,Approval task,Maker-checker,Snapshot approval,None,P0,BP §22,2,Approved snapshot rows cannot be edited; correction = new version,"§6.1, §18",DR-07
PA-007,People Analytics,"Configurable, versioned metric engine (no formulas in UI)",Consistent governed KPIs,"HR Analytics Admin, metric owner",Metric catalogue,AnalyticsService (Metrics),"metric_definition, metric_definition_version",/metrics/definitions,Maker-checker on definition change,Definition changes restricted,Definition change,None,P0,BP §22,2,"Metric defined with name, description, rule, numerator, denominator, exclusions, grain, dimensions, benchmark, threshold, effective date, owner, version",§6.3,"DR-11, DR-13"
PA-008,People Analytics,"Calculate KPIs at Bank/division/department/unit (deterministic, reproducible)",Trustworthy numbers,"System, HR Analytics Admin",Calculation run,AnalyticsService + Worker,"calculation_run, metric_result",/reporting-periods/{id}/calculate,Idempotent calc job,—,Calculation run (inputs/versions),AI must not calculate KPIs,P0,BP §22,2,Golden dataset → exact expected values; re-run returns identical results,"§6.1, §14, §17, §20","DR-11, DR-05"
PA-009,People Analytics,"Core workforce, attendance and overtime metrics (MVP)",First value delivery,HR Analytics,Dashboards,AnalyticsService,metric_result,—,—,—,—,None,P0,BP §21 Phase 2,2,Metrics match signed-off golden values,"§6.3, §21",DR-11
PA-010,People Analytics,"Full metric families: recruitment/mobility, turnover, recognition, training, ER aggregates",Complete reporting,HR Analytics,Dashboards,AnalyticsService,metric_result,—,—,ER aggregates restricted,—,None,P1,BP §21 Phase 4,4,All families reconcile to golden datasets,"§6.3, §21",DR-11
PA-011,People Analytics,"Comparisons: MoM, QoQ, YoY, YTD, benchmark, threshold",Trend and exception detection,"HR Analytics, leadership",Dashboards,AnalyticsService,"metric_result (comparison fields), benchmark",/analytics/compare,—,—,—,None,P0,Derived,"2 (MoM/YoY), 4 (all)",Missing prior period shows 'no comparison' not zero,"§6.1, §6.3",DR-13
PA-012,People Analytics,Drill-down Bank → Division → Department → Unit subject to permissions,Relevant view per leader,"Leadership, heads",Dashboards,AnalyticsService + PolicyService,metric_result,/analytics/query,—,Scope filter server-side; small-number suppression for sensitive metrics,Dashboard access (if required),None,P0,Derived,4,Division Head cannot retrieve other division via API,"§6.1, §15, §19","DR-05, DR-22"
PA-013,People Analytics,AI-assisted observations and recommendations from calculated facts,Faster interpretation,HR Analytics Admin,Insights review,AIService + AnalyticsService,"insight, insight_evidence, recommendation, ai_interaction",/insights,Generate after calc; queue for review,Only aggregates within scope sent to model,"AI generation, accept/edit/reject",Narrative only from supplied facts; numbers verified post-generation,P2,BP §22,"4 (rules-based), 9 (AI)",Every insight cites metric results; unsupported number fails validation,"§6.1, §6.4, §14",DR-32
PA-014,People Analytics,"HR accepts, edits or rejects insights",Human accountability,HR Analytics Admin,Insights review,AnalyticsService,insight,/insights/{id}/review,—,—,Insight review,Review outcome stored on ai_interaction,P0,Derived,4,Unreviewed insights never published,§6.1,—
PA-015,People Analytics,Publish versioned reporting snapshot,Official monthly release,HR Analytics approver,Publish,AnalyticsService + ActionService,publication,/publish,Approval; notification to audiences,Maker-checker,Metric publication,None,P0,Derived,4,Published version immutable; republish creates new version,"§6.1, §18",DR-07
PA-016,People Analytics,Persistent secure division dashboards via SSO,Replace static monthly reports,"Leadership, heads",Dashboards,Web + AnalyticsService,"publication, metric_result",/dashboards/{scope},—,Auth + scope checks on persistent routes,Dashboard view (if required),None,P0,Derived,4,Unauthenticated → login; wrong scope → 403,"§6.1, §19",DR-46
PA-017,People Analytics,HR-approved recommendation → Action Centre,Close the loop,HR Analytics Admin,Insights review,AnalyticsService + ActionService,"recommendation, action",—,Create action on approval,—,Action created,—,P1,Derived,4,Approved recommendation creates linked action,"§5, §6.1",—
PA-018,People Analytics,Forecasting with back-testing and insufficient-history fallback,Forward-looking planning,HR Analytics,Forecast panel,AnalyticsService (Forecast) + Worker,"forecast_model, forecast_run, forecast_result, forecast_backtest",/forecast,Eligible forecasts after publication,—,Forecast run,None (statistical models),P2,Assumed,9,"Shows history basis, model/version, interval, error; returns 'Insufficient history' when criteria unmet; must beat baseline","§6.4, §20",DR-14
PA-019,People Analytics,Ask People Analytics (governed NL query over authorised aggregates),Self-service insight,Authorised users,Ask panel,AIService + AnalyticsService,ai_interaction,/analytics/query,—,Answers only from authorised metric results,AI query,Tool-calling over metric API; no raw data access,P2,BP §22,9,Out-of-scope question refused; every figure traceable to metric_result,"§14, §17, §22",DR-32
ENG-001,Engagement,"Engagement Home: cycle, score, participation, benchmark, action plan status, overdue",At-a-glance status,"Engagement HR, leadership",Engagement Home,Engagement + AnalyticsService,"survey_cycle, engagement_result, engagement_action_plan",/engagement/home,—,Scope + anonymity,—,None,P1,Derived,5,"Shows only permitted, threshold-compliant values",§7,DR-22
ENG-002,Engagement,"Survey cycle creation with dates, owner, provider/link, status",Controlled cycle,Engagement HR,Survey Cycles,Engagement,survey_cycle,/engagement/cycles,Cycle state machine,—,Cycle created/status changed,None,P1,BP §22,5,Cycle lifecycle enforced,§7.1,DR-21
ENG-003,Engagement,"Eligible population, approved exclusions, freeze",Correct denominator,Engagement HR,Population,Engagement + EmployeeService,"survey_population, survey_exclusion_rule",/engagement/cycles/{id}/population,Freeze locks population,Employee-level population restricted,Population frozen,None,P1,Derived,5,Frozen population immutable; exclusion reasons recorded,§7.1,DR-23
ENG-004,Engagement,Participation monitoring at permitted aggregate levels only,Drive response without exposing individuals,"Engagement HR, heads",Participation,Engagement,participation_snapshot,/engagement/cycles/{id}/participation,Periodic import,Minimum threshold suppression; no names,—,None,P1,Derived,5,Groups below threshold suppressed,"§7.1, §15",DR-22
ENG-005,Engagement,Import approved results after close,Results in platform,Engagement HR,Results import,Engagement + DocumentService,"engagement_result, upload_batch",Survey provider export,Validation job,Respondent-level data restricted/governed,Results import,None,P1,BP §22,5,Import validates against frozen population,§7.1,DR-21
ENG-006,Engagement,Calculate organisation results subject to anonymity threshold,Privacy-preserving results,System,Results,Engagement + AnalyticsService,engagement_result,—,Suppression incl. complementary suppression,Cannot derive small group by subtraction,Calculation run,None,P1,Derived,5,"No drill-down reveals group < threshold, incl. via parent minus siblings","§7.1, §15","DR-22, DR-24"
ENG-007,Engagement,Flag below-benchmark / materially declining areas; Insights,Focus effort,Engagement HR,Insights,Engagement,engagement_flag,—,Rule-based flags,—,—,AI may draft commentary (P2),P1,Derived,"5 (rules), 9 (AI)",Flags reproducible from config thresholds,"§7, §7.1","DR-13, DR-24"
ENG-008,Engagement,HR requests action plans; leaders submit actions/owners/due dates,Accountability for improvement,"Engagement HR, Division/Department Heads",Action Plans,Engagement + ActionService,"engagement_action_plan, action_plan_item, action",/engagement/action-plans,Request → submit → HR review → actions created,Leaders see own scope only,Plan submitted/reviewed,None,P1,BP §22,5,Approved plan items appear in Action Centre with reminders,§7.1,DR-25
ENG-009,Engagement,Next cycle compares results with prior action completion,Measure impact,Engagement HR,Results,Engagement + AnalyticsService,"engagement_result, action",—,—,—,—,None,P1,Derived,5,Comparison shows completion % beside score change,§7.1,—
ENG-010,Engagement,"Engagement reports: score, participation, action-plan completion, FwT utilisation",Management reporting,"Engagement HR, leadership",Reports,AnalyticsService,—,/engagement/reports,—,Threshold + scope,Export,None,P1,Derived,5,Report reconciles with screens,§19,—
ENG-011,Engagement,"Configuration: benchmark, anonymity threshold, exclusions, action-plan rules",Rules as data,Engagement HR,Configuration,ConfigurationService,configuration_item,/config/engagement,Maker-checker,—,Config change,None,P1,Derived,5,Changing threshold changes suppression without deploy,§7,DR-22–DR-25
FWT-001,Fun with Teams,Quarter with effective-dated allocation rule,Policy change without code,Engagement HR,Fun with Teams,Engagement (FwT),"fwt_quarter, configuration_item (fwt.*)",/fun-with-teams/quarters,—,—,Quarter created,None,P1,BP §22,5,No MVR amount in code; rule looked up by effective date,§7.2,DR-26
FWT-002,Fun with Teams,Freeze eligible HC / eligibility basis,Fixed allocation base,Engagement HR,Fun with Teams,Engagement (FwT) + EmployeeService,fwt_eligibility,—,Freeze,—,Eligibility frozen,None,P1,Derived,5,Frozen HC immutable per quarter/unit,§7.2,DR-26
FWT-003,Fun with Teams,"Record planned/completed activity, attendance, evidence, claim",Capture spend,Division/unit coordinators,Activity & Claims,Engagement (FwT) + DocumentService,"fwt_activity, fwt_claim, attachment",/fun-with-teams/claims,Submit → validate → review,Unit sees own claims,Claim submitted,None,P1,Derived,5,"Claim holds attendance, evidence, amount","§7, §7.2",DR-26
FWT-004,Fun with Teams,"Validate date, quarter, eligible HC, max allocation, duplicates, late claims",Prevent errors/overspend,System,Claim validation,Engagement (FwT),"fwt_claim, fwt_claim_issue",—,Validation rules from config,—,Validation result,None,P1,Derived,5,Each rule has pass/fail golden test,§7.2,DR-26
FWT-005,Fun with Teams,HR approves/rejects with reason; utilisation and remaining allocation,Controlled spend,Engagement HR,Claims review,Engagement (FwT) + ActionService,"fwt_claim, approval",/fun-with-teams/claims/{id}/decision,Approval task; exception notification,Maker-checker,Claim decision,None,P1,Derived,5,Approved amount updates utilisation; rejection reason mandatory,§7.2,DR-26
FWT-006,Fun with Teams,"Quarterly reconciliation: unused allocation, late claims, exceptions",Close the quarter,Engagement HR,Reconciliation,Engagement (FwT),fwt_reconciliation,/fun-with-teams/quarters/{id}/reconcile,Scheduled reminder,—,Reconciliation run,None,P1,Derived,5,Reconciliation totals = sum approved claims,§7.2,DR-26
ER-001,ER Case Management,"ER Dashboard: open cases, aging, overdue actions, D&G pending, letters pending, alerts",ER workload control,"ER Officer, ER Manager",ER Dashboard,ER + AnalyticsService,"er_case, action",/er/dashboard,—,Only cases user is authorised for,—,None,P0,Derived,3,Counts only include authorised cases,"§8, §19",DR-20
ER-002,ER Case Management,"New Case: employee lookup, category, source, issue/allegation, dates, priority, confidentiality",Structured intake,ER Officer,New Case,ER + EmployeeService,"er_case, case_participant, case_allegation",/er/cases,Case reference allocated; initial tasks,Creator added to case team,Case creation,None,P0,BP §22,3,Case gets unique reference; mandatory fields enforced,§8,"DR-15, DR-19"
ER-003,ER Case Management,Case Profile with controlled tabs,Single restricted record,Case team,Case Profile,ER,er_case,/er/cases/{id},—,Case-level access (not menu hiding); tab-level permissions,Case view,None,P0,BP §22,3,Non-team ER user gets 403 by direct URL,"§8, §8.1",DR-20
ER-004,ER Case Management,Immutable chronology; corrections as auditable amendments,Due process record,Case team,Timeline,ER,case_event,/er/cases/{id}/timeline,Auto events from all case actions,Event update/delete blocked,Every event,AI may summarise chronology (P2),P0,BP §22,3,Edit attempt creates amendment linked to original,"§8, §8.1, §18",—
ER-005,ER Case Management,"Case assignment, status, priority, confidentiality level",Workflow control,"ER Officer, ER Manager",Case Profile,ER,"er_case, case_participant","/er/cases/{id}/status, /assign",Configurable state machine,Status transitions by role,"Status change, assignment",None,P0,Derived,3,Only configured transitions allowed,§8.1,"DR-15, DR-20"
ER-006,ER Case Management,Case tasks and due dates via Action Centre,Nothing missed,Case team,Case > Actions,ER + ActionService,action,—,SLA from config,Actions restricted to case team; safe titles,Action events,None,P0,BP §22,3,Case actions visible only to case team (except assigned non-ER owners see safe title),"§8, §11",DR-16
ER-007,ER Case Management,"Evidence register: source, received date, description, sensitivity, attachment, history",Evidence integrity,Case team,Evidence,ER + DocumentService,"evidence, evidence_custody_event, attachment",/er/cases/{id}/evidence,Checksum; version on replace,Per-evidence sensitivity; download authorised + audited; no public URL,Evidence upload/view/download,None,P0,BP §22,3,Evidence download by non-authorised user → 403 + audit,"§8, §8.1",DR-39
ER-008,ER Case Management,"Investigation: plan, allegations, interviews/statements, findings",Structured investigation,"Investigator, ER Manager",Investigation,ER,"investigation, investigation_interview, case_allegation",/er/cases/{id}/investigation,—,Investigator access,Investigation updates,AI may identify information gaps,P1,BP §21 Phase 4,4,Findings recorded by human; AI cannot set finding,§8,DR-15
ER-009,ER Case Management,"Meetings: invite, attendees, notes/minutes, employee response, follow-up",Due process meetings,Case team,Meetings,ER + NotificationService,"meeting, meeting_attendee",/er/cases/{id}/meetings,Invite notification; follow-up actions,Minutes restricted,Meeting update,AI may summarise meeting notes (draft),P1,BP §21 Phase 4,4,Employee response recorded; follow-ups create actions,§8,DR-15
ER-010,ER Case Management,"D&G: committee pack, meeting date, attendees, decision fields, approvals",Formal disciplinary decisions,"ER Manager, committee (per matrix)",D&G,ER + ActionService,"dg_hearing, dg_committee_member, er_decision, approval",/er/cases/{id}/dg,Committee routing from config,Committee-scoped,D&G decision,AI must not determine guilt/credibility/sanction,P1,BP §21 Phase 4,4,Decision fields entered by authorised humans only; approvals per matrix,"§8, §23",DR-17
ER-011,ER Case Management,Decisions recorded with approvals,Accountable outcomes,ER Manager / per matrix,Decisions,ER,er_decision,/er/cases/{id}/decisions,Approval,—,Decision,Not AI-generated,P1,Derived,4,Decision requires approval per matrix,§8,DR-17
ER-012,ER Case Management,"Letters: show-cause, warning/outcome, other approved; follow-up and expiry",Formal communication,"ER Officer, approver",Letters,ER + DocumentService,"er_letter, generated_document, document_template_version",/er/cases/{id}/letters,Template merge; approval; expiry reminders,Restricted templates,Letter generated/approved/issued,AI may draft approved-format wording from evidence,P1,BP §21 Phase 4,4,Letter uses approved template version; facts merged deterministically,"§8, §8.1",DR-18
ER-013,ER Case Management,Case closure,Complete lifecycle,ER Manager,Closure,ER,er_case,/er/cases/{id}/close,Closure checklist (open actions),—,Closure,None,P0,Derived,3,Cannot close with open mandatory actions unless overridden with reason,§8,DR-15
ER-014,ER Case Management,Restricted aggregate ER metrics for analytics,Leadership insight without detail,HR Leadership,Analytics,ER + AnalyticsService,er_aggregate_view,—,Nightly aggregate,Small-number suppression; no employee detail,—,None,P1,Derived,4,Aggregates contain no identifiers,"§6.2, §8.1",DR-22
VOI-001,Employee Voice,"Identified submission: category, narrative, attachments, follow-up preference",Safe reporting route,Employee,Submit concern,Voice + DocumentService,"voice_submission, attachment",/voice/submissions,Reference issued; triage task,Reporter sees only own submissions,Submission,None,P1,BP §22,7,Reference returned; reporter cannot see triage internals,§9,DR-28
VOI-002,Employee Voice,Anonymous route ONLY after IT/Security validation,Trustworthy anonymity claim,Employee,Submit (anonymous),Voice,"voice_submission (no identity), voice_access_token",/voice/anonymous/*,—,"Validated model: no identity in logs, metadata, attachments, notifications, analytics",No actor identity recorded,AI must not infer reporter identity,P1,Assumed,7 (gated),Feature flag off until DR-27 sign-off; privacy test suite passes,"§9, §20",DR-27
VOI-003,Employee Voice,Reference/status mechanism appropriate to identification model,Reporter can follow up,Employee,Check status,Voice,"voice_submission, voice_access_token",/voice/status,—,Token hashed; brute-force protection,Status check (non-identifying),None,P1,Derived,7,Status shows only reporter-safe fields,§9,DR-27
VOI-004,Employee Voice,"Triage: categorise, prioritise, request info, route",Timely handling,Voice Triage HR,Triage,Voice + ActionService,voice_triage,/voice/submissions/{id}/triage,Triage SLA,Triage role only; conflict-of-interest routing,Triage decisions,AI may suggest category (human confirms),P1,Derived,7,Triage decisions audited; SLA tracked,§9,DR-28
VOI-005,Employee Voice,Secure two-way follow-up messaging,Clarify without exposure,"Reporter, Triage HR",Messages,Voice,voice_message,/voice/submissions/{id}/messages,Notification without content,Content never in email/Teams,Message sent (metadata),None,P1,Derived,7,Notification body contains no submission text,§9,DR-27
VOI-006,Employee Voice,Convert eligible submission to linked ER case preserving history,Escalation without duplication,"Voice Triage HR, ER",Convert to ER,Voice + ER,"voice_submission, er_case, case_link",/voice/submissions/{id}/convert-to-case,Creates case + link; source immutable,Reporter identity carried only per model,Conversion,None,P1,BP §22,7,Case links to source; source history intact and not copied,§9,DR-28
VOI-007,Employee Voice,Aggregate analytics with small-number privacy,Theme insight,"HR Leadership, Triage HR",Voice analytics,AnalyticsService,voice aggregates,—,—,Suppression threshold,—,None,P2,Derived,7,No aggregate cell below threshold,§9,DR-22
MGR-001,People Manager,Guided intake asking only facts needed to classify,Right support quickly,Manager,Guided intake,People Manager,"manager_request, manager_request_answer, intake_question_set",/manager/requests,Question set from config,Manager sees own requests only,Request created,AI may assist classification,P1,BP §22,8,Question set version recorded with request,§10,DR-29
MGR-002,People Manager,"Approved policy/procedure guidance via RAG, cited",Consistent guidance,Manager,Guidance panel,AIService + Knowledge,"knowledge_document_version, ai_interaction",/knowledge/retrieve,—,Only documents approved for manager audience,Guidance retrieved,Must cite approved content; label as guidance not decision,P1,Derived,8,Every answer cites source+version; no-source → 'no approved guidance found',"§10, §14","DR-29, DR-32"
MGR-003,People Manager,Submit ER support request → triage task and linked ER record,Escalation path,Manager,Request ER support,People Manager + ActionService + ER,"manager_request, action, case_link",/manager/requests/{id}/escalate,Triage task,No case content returned to manager,Escalation,None,P1,BP §22,8,"Manager sees request status only, never case detail",§10,DR-15
MGR-004,People Manager,Manager actions and due dates tracked without restricted content,Manager accountability,Manager,My Work,ActionService,action,/actions,—,Safe titles only,Action events,None,P1,Derived,8,Manager action shows safe title/instructions only,§10,—
DS-001,AI Letter & Document Studio,Template catalogue and field schema for 7 initial letters,Defined document contract,Document HR,Template catalogue,DocumentService,"document_template, document_template_version, template_field",/templates,—,Template edit restricted,Template change,None,P0,BP §22,"1 (catalogue doc), 4b/6 (build)","Each letter type has required fields, locked sections, source per field","§12.1, §25.2",DR-30
DS-002,AI Letter & Document Studio,Template upload/versioning with approval; active version selection,Only approved templates used,"Document HR, Document Approver",Templates,DocumentService,"document_template_version, approval",/templates/{id}/versions,Maker-checker,—,Template update/approve,None,P0,BP §22,4b (proposed) / 6,Draft template cannot generate official output,"§12.3, §25.2","DR-30, DR-43"
DS-003,AI Letter & Document Studio,Start from chat or select document type; intent identification,Easy entry,Document HR,Studio home / Ask bot,DocumentStudio + AIService,document_request,/documents/requests,—,—,Request created,AI classifies intent; user confirms,P0,BP §22,"6 (chat), 4b (select)",Intent confirmed by user before generation,§12.2,—
DS-004,AI Letter & Document Studio,Retrieve permitted employee facts and position history,Accurate facts,Document HR,Request > Facts,EmployeeService,document_evidence_bundle,/employees/{uid}/*,—,Restricted fields only if template requires and user permitted,Restricted field read,None,P0,BP §22,4b/6,Facts come only from EmployeeService/verified input with source,§12.2,DR-04
DS-005,AI Letter & Document Studio,Match JD versions to positions/effective dates,Correct responsibilities,Document HR,Request > Sources,Knowledge/RAG,"job_description_version, jd_position_map",/knowledge/retrieve,—,—,Sources retrieved,Metadata-filtered retrieval,P1,BP §22,6,Correct JD version for each dated position; none → flagged,"§12.2, §12.3",DR-31
DS-006,AI Letter & Document Studio,Evidence bundle and missing mandatory field detection,No hallucinated facts,Document HR,Request > Missing info,DocumentStudio,"document_evidence_bundle, document_request",/documents/{id}/validate,Blocks generation,Bundle encrypted if restricted fields,Missing-field block,None,P0,BP §22,4b/6,Missing mandatory fact → validation error or verified-input request; never generated,§12.2,—
DS-007,AI Letter & Document Studio,Deterministic factual merge; AI only for permitted narrative slots,Facts authoritative,System,Draft preview,DocumentService + AIService,"generated_document, ai_interaction",/documents/{id}/generate,—,—,AI generation,Narrative slots only; facts rendered by code after generation,P0,BP §22,"4b (merge), 6 (AI)",Golden letters match byte-for-byte on factual fields,"§12.2, §14",DR-32
DS-008,AI Letter & Document Studio,"Post-generation validation: facts, dates, numbers, names, locked sections, unsupported claims",Block bad output,System,Validation result,DocumentStudio,document_validation_result,—,Blocks on failure,—,Validation result,Detect any fact-like token not in bundle,P0,BP §22,6,Injected wrong date/name/number in narrative fails validation,"§12.2, §14",—
DS-009,AI Letter & Document Studio,HR preview/edit; approver accept/return/reject with comments,Human approval,"Document HR, Document Approver",Review & approval,DocumentStudio + ActionService,"generated_document_version, document_approval","/documents/{id}/submit, /approve",Approval routing per letter type,Approver ≠ maker,"Edit, approval decision",Review outcome stored,P0,BP §22,4b/6,Edits versioned; factual field edits require verified source,§12.2,DR-30
DS-010,AI Letter & Document Studio,Reference number and controlled DOCX/PDF; document history,Official issuance,Document HR,Issue,DocumentService + Worker,"issued_document, sequence_counter",/documents/{id}/issue,Render job,Private storage; watermark/controls per DR-30,Document issue,None,P0,BP §22,4b/6,Reference unique; stored with source versions and approvals,§12.2,DR-30
DS-011,AI Letter & Document Studio,"Studio reports: volume, turnaround, returned drafts, template usage, quality",Service management,Document HR lead,Reports,AnalyticsService,"document_request, generated_document",/documents/reports,—,No restricted content,—,None,P2,Derived,6,Metrics computed without exposing content,§19,—
KB-001,Knowledge / RAG,"Versioned knowledge base: JDs, templates, samples, policies, procedures, wording, org mappings",Controlled AI sources,"Document HR, policy owners",Knowledge admin,Knowledge (DocumentService + AIService),"knowledge_document, knowledge_document_version, knowledge_chunk",/knowledge/*,Ingest → chunk → embed → approve,Sensitivity metadata; audience filters,Knowledge change,"Retrieval filtered by type, position, version, effective dates, approval, sensitivity",P1,BP §22,6,Unapproved or expired version never retrieved,§12.3,"DR-31, DR-33"
KB-002,Knowledge / RAG,Change JD/template = add new approved version (no retraining),Low-cost maintenance,Document HR,Knowledge admin,Knowledge,knowledge_document_version,—,Re-embed on approval,—,Version approval,—,P1,Derived,6,New version retrieved from effective date; old remains for history,"§12.3, §14",—
AI-001,AIService,Provider-agnostic AIService (replaceable),Avoid lock-in; approved providers only,System,—,AIService,ai_model_registry,Azure OpenAI (approved) / mock,—,Only Bank-approved endpoints; no external transfer,—,All AI through AIService,P0,Derived,"1 (interface+mock), 6 (provider)",Swapping provider requires no module change,"§14, §16",DR-32
AI-002,AIService,"Log model/version, prompt/version, sources, timestamp, user, review outcome",Reproducibility,"System, Audit Reviewer",AI log (restricted),AIService,"ai_interaction, ai_interaction_source, prompt_template_version",—,—,Log inherits input classification,AI generation,—,P0,Derived,"1 (schema), 6",Every AI output traceable to prompt+model+sources,"§14, §PROMPT 18",DR-37
AI-003,AIService,Minimum evidence; separated system facts/sources/user input/instructions; structured outputs,Prompt-injection resistance,System,—,AIService,prompt_template_version,—,—,Retrieved text treated as data,—,Injection test suite,P0,Derived,6,"Injection corpus cannot change facts, bypass approval or leak data","§14, §20",—
AI-004,AIService,"Prohibited uses enforced (guilt, credibility, sanction, anonymous identity, autonomous decisions, KPI calc)",Human accountability,System,—,AIService + module guards,—,—,—,No API path lets AI write decision/finding fields,—,Prompt + output checks,P0,BP §14,3+,Decision/finding fields writable only by human-authenticated command,"§8.1, §14",—
AI-005,AIService,AI evaluation and regression suite,Quality over time,"Platform team, Document HR",Evaluation reports,AIService,"ai_evaluation_set, ai_evaluation_run",—,Run on prompt/model change,—,Eval run,Golden sets per use case,P1,Derived,6,Release blocked if eval below agreed thresholds,§20,DR-32
TST-001,Testing,"Permission & negative security tests incl. direct URL, cross-division, ER attachments, restricted fields, exports",Proven access control,Platform team,—,All,—,—,CI gate,—,—,—,P0,BP §20,1+,Permission matrix encoded as tests; CI fails on regression,§20,—
TST-002,Testing,"Golden datasets for metrics, letters, validation",Proven correctness,"HR Analytics, Document HR",—,All,—,—,CI gate,Synthetic only,—,—,P0,BP §25.2,2+,HR signs off golden expected values,"§20, §25.2","DR-11, DR-30"
TST-003,Testing,UAT scenarios signed off by HR,Business acceptance,HR module owners,—,—,—,—,—,UAT masked data,—,—,P0,BP §20,each phase,Signed UAT record per feature,"§20, §25.1","DR-41, DR-45"
OPS-001,Operations,"Backup/recovery, monitoring, alerting, runbook, access reviews",Production readiness,IT Ops,—,Infra,—,—,—,—,—,—,P0,Derived,10,DR test executed; runbook reviewed by IT,"§15, §PROMPT 28",DR-10
OPS-002,Operations,"Production HRIS/Microsoft integrations, performance, mobile UX, BAU monitoring",Scale and sustain,"IT, HR",—,All,—,"HRIS, Graph",—,—,—,—,P2,BP §21 Phase 10,10,Integration contract tests pass against UAT HRIS,§21,DR-04
